"","model","season","tas25","tas50","tas75"
"1","rcp26","DJF",1.46754312515259,1.90029335021973,2.60638904571533
"2","rcp26","MAM",1.16308784484863,1.59025776386261,2.22505164146423
"3","rcp26","JJA",0.837086379528046,1.56195533275604,2.51899433135986
"4","rcp26","SON",1.14526319503784,1.70301806926727,2.15619230270386
"5","rcp85","DJF",4.76135206222534,6.35861349105835,7.86059522628784
"6","rcp85","MAM",4.1627402305603,4.69138193130493,6.2478814125061
"7","rcp85","JJA",4.0352988243103,5.42595958709717,6.80930042266846
"8","rcp85","SON",4.54114198684692,5.09196662902832,5.96111583709717
