"","model","season","tas25","tas50","tas75"
"1","rcp26","DJF",1.58003163337708,2.10578036308289,3.26664590835571
"2","rcp26","MAM",1.0891729593277,2.15328121185303,2.75721454620361
"3","rcp26","JJA",0.816360294818878,1.36101114749908,1.82187104225159
"4","rcp26","SON",0.98288768529892,1.96916997432709,2.41204571723938
"5","rcp85","DJF",5.74004507064819,8.03498077392578,10.2836380004883
"6","rcp85","MAM",4.44924354553223,5.70791912078857,6.91025638580322
"7","rcp85","JJA",3.79424571990967,4.71030235290527,6.12517881393433
"8","rcp85","SON",5.22968435287476,6.06593656539917,6.84774446487427
