"","cC","dC","t0"
"1",3.74230136109988,13.0854949717336,109.023596377377
"2",1.66792106443236,12.7697432671976,105.50780657668
"3",-5.2144317684492,19.0258843772263,103.167562371668
"4",-6.72173055745439,13.3383480065215,107.442508088179
